<?xml version="1.0" encoding="EUC-KR" ?>
<!DOCTYPE  list  SYSTEM  "list.dtd">
<list>
	<sum-data>
		<date>2017.10.05 20:32</date>
		<title>2017년 노벨문학상 수상자, 일본계 영국인 가즈오 이시구로</title>
		<reporter>손효림</reporter>
		<link href="https://www.bbc.com/korean/news-41520472" />
	</sum-data>
	<sum-data>
		<date>2017.10.05 12:22</date>
		<title>[K스타] “깨끗한 드라마”…‘굿닥터’ 미국서도 대박친 비결은?</title>
		<reporter>강이향</reporter>
		<link href="http://d.kbs.co.kr/news/view.do?ncd=3556049" />
	</sum-data>
	<sum-data>
		<date>2017.10.03 22:03</date>
		<title>'공백·승리·히딩크'…유럽원정 나선 신태용호의 '3대 과제'</title>
		<reporter>하사헌</reporter>
		<link href="http://www.yonhapnews.co.kr/bulletin/2017/10/03/0200000000AKR20171003022200007.HTML" />
	</sum-data>
	<sum-data>
		<date>2017.10.03 20:25</date>
		<title>굿바이 이승엽, ‘홈런왕’답게 떠났다</title>
		<reporter>천정환</reporter>
		<link href="http://sports.mk.co.kr/view.php?sc=71000005&year=2017&no=660392" />
	</sum-data>
</list>